label_name,available_count,missing_count,positive_count,negative_count,soft_count,positive_prevalence,mean_target
Atelectasis,34592,188822,33862,730,0,0.9788968547641073,0.9788968547641073
Cardiomegaly,46721,176693,30566,16155,0,0.6542240106162112,0.6542240106162112
Pleural Effusion,125592,97822,89314,36278,0,0.7111440219122237,0.7111440219122237
Pneumonia,8170,215244,4856,3314,0,0.5943696450428396,0.5943696450428396
Pneumothorax,76532,146882,17869,58663,0,0.23348403282287147,0.23348403282287147
No Finding,21124,202290,21124,0,0,1.0,1.0
