label_name,available_count,missing_count,positive_count,negative_count,soft_count,positive_prevalence,mean_target
Atelectasis,69008,154406,33862,730,34416,0.4906967308138187,0.7400591235798748
Cardiomegaly,50638,172776,30566,16155,3917,0.603617836407441,0.6422943244203958
Pleural Effusion,133226,90188,89314,36278,7634,0.6703946677075046,0.699045231411286
Pneumonia,27556,195858,4856,3314,19386,0.1762229641457396,0.527979387429235
Pneumothorax,78967,144447,17869,58663,2435,0.2262843972798764,0.24170223004546204
No Finding,21124,202290,21124,0,0,1.0,1.0
