label_name,available_count,missing_count,positive_count,negative_count,soft_count,positive_prevalence,mean_target
Atelectasis,69008,154406,33862,35146,0,0.4906967308138187,0.4906967308138187
Cardiomegaly,50638,172776,30566,20072,0,0.603617836407441,0.603617836407441
Pleural Effusion,133226,90188,89314,43912,0,0.6703946677075046,0.6703946677075046
Pneumonia,27556,195858,4856,22700,0,0.1762229641457396,0.1762229641457396
Pneumothorax,78967,144447,17869,61098,0,0.2262843972798764,0.2262843972798764
No Finding,21124,202290,21124,0,0,1.0,1.0
