label_name,available_count,missing_count,positive_count,negative_count,soft_count,positive_prevalence,mean_target
Atelectasis,69008,154406,68278,730,0,0.9894215163459309,0.9894215163459309
Cardiomegaly,50638,172776,34483,16155,0,0.6809708124333504,0.6809708124333504
Pleural Effusion,133226,90188,96948,36278,0,0.7276957951150677,0.7276957951150677
Pneumonia,27556,195858,24242,3314,0,0.8797358107127304,0.8797358107127304
Pneumothorax,78967,144447,20304,58663,0,0.25712006281104766,0.25712006281104766
No Finding,21124,202290,21124,0,0,1.0,1.0
